Type,Name,Request Count,Failure Count,Median Response Time,Average Response Time,Min Response Time,Max Response Time,Average Content Size,Requests/s,Failures/s,50%,66%,75%,80%,90%,95%,98%,99%,99.9%,99.99%,100%
POST,/auth/login,37,6,12000.0,11628.776267568921,7176.763899973594,15011.56140002422,154.16216216216216,0.2075683058655562,0.03365972527549559,12000,12000,13000,14000,15000,15000,15000,15000,15000,15000,15000
GET,/auth/me,281,3,95,245.49769679746456,8.092799980659038,10067.875700013246,57.380782918149464,1.5763971337357103,0.016829862637747797,95,100,110,120,140,220,3100,6600,10000,10000,10000
POST,/auth/register,50,13,8400.0,9977.910689999117,2074.0018999786116,15071.843400015496,42.92,0.28049771062913,0.07292940476357379,9200,13000,15000,15000,15000,15000,15000,15000,15000,15000,15000
POST,/shorten,619,2,79,268.2850024223204,47.066700004506856,10064.163900038693,96.5638126009693,3.472561657588629,0.011219908425165199,79,93,110,110,140,180,4400,7300,10000,10000,10000
GET,/{short_code} (redirect),1265,5,59,67.79613288656878,16.751500021200627,537.7686999854632,0.0,7.096592078916988,0.028049771062912995,59,64,71,76,110,130,160,200,360,540,540
,Aggregated,2252,29,68,555.0513471585343,8.092799980659038,15071.843400015496,37.18783303730018,12.633616886736014,0.16268867216489538,68,82,98,110,140,540,11000,14000,15000,15000,15000
