Type,Name,Request Count,Failure Count,Median Response Time,Average Response Time,Min Response Time,Max Response Time,Average Content Size,Requests/s,Failures/s,50%,66%,75%,80%,90%,95%,98%,99%,99.9%,99.99%,100%
POST,/auth/login,10,0,2000.0,2025.3137600142509,1104.133400018327,3584.1158000403084,182.2,0.0842209477097929,0.0,2000,2000,2100,3500,3600,3600,3600,3600,3600,3600,3600
GET,/auth/me,65,0,92,87.81541538550161,34.206599986646324,233.34500001510605,57.13846153846154,0.5474361601136538,0.0,92,99,100,110,120,120,120,230,230,230,230
POST,/auth/register,10,0,1900.0,2261.8506300030276,790.0469999876805,3783.260700001847,57.1,0.0842209477097929,0.0,1900,3600,3600,3800,3800,3800,3800,3800,3800,3800,3800
POST,/shorten,149,0,68,76.06737248501084,50.16900005284697,194.18160000350326,96.8993288590604,1.254892120875914,0.0,68,74,79,84,110,130,150,180,190,190,190
GET,/{short_code} (redirect),310,0,51,53.69634999923648,33.547199971508235,150.19750001374632,0.0,2.6108493790035796,0.0,51,56,59,61,66,75,87,96,150,150,150
,Aggregated,544,0,59,140.73447224312557,33.547199971508235,3783.260700001847,37.76654411764706,4.5816195554127335,0.0,59,66,74,80,110,130,1900,3500,3800,3800,3800
