Type,Name,Request Count,Failure Count,Median Response Time,Average Response Time,Min Response Time,Max Response Time,Average Content Size,Requests/s,Failures/s,50%,66%,75%,80%,90%,95%,98%,99%,99.9%,99.99%,100%
POST,/auth/login,10,0,2500.0,2191.576259996509,1060.0857000099495,2822.003999957815,184.0,0.08425536316825158,0.0,2500,2500,2800,2800,2800,2800,2800,2800,2800,2800,2800
GET,/auth/me,61,0,92,86.78635409804153,37.22109994851053,132.22930004121736,58.0,0.5139577153263346,0.0,92,100,100,110,120,120,130,130,130,130,130
POST,/auth/register,10,0,2500.0,2517.968930013012,1905.6793000199832,3041.749100026209,58.0,0.08425536316825158,0.0,2600,2800,3000,3000,3000,3000,3000,3000,3000,3000,3000
POST,/shorten,167,1,71,74.38658563033984,30.008799978531897,147.60849997401237,96.2814371257485,1.4070645649098015,0.008425536316825159,71,76,80,86,98,110,130,130,150,150,150
GET,/{short_code} (redirect),319,1,52,54.59640156492287,30.675399990286678,188.46979999216273,0.0,2.6877460850672255,0.008425536316825159,52,57,59,61,65,72,100,110,190,190,190
,Aggregated,567,2,59,145.0233358016806,30.008799978531897,3041.749100026209,38.86596119929453,4.777279091639865,0.016851072633650318,59,68,74,80,100,130,2500,2800,3000,3000,3000
